{
    "list": [
        {
            "intID": 1,
            "strTitle": "Blood",
            "strLogo": "blood.jpg",
            "strInfo": "Instructions<br><br>\r\n1. Locate your \"Blood\" or \"Blood Fresh Supply\" (Steam, GOG) installation folder on PC.<br>\r\n2. Copy all files from \"Blood\" or \"Blood Fresh Supply\" to \"razexr\/raze\/blood\" on your headset.<br>\r\n<br>\r\nNote:<br>\r\nToggle CD music in sound options. Needs restart.<br>\r\nCutscenes from the Nightdive Remaster \"Fresh Supply\" do not work.<br>",
            "strRequiredFiles": "BLOOD.INI:BLOOD.RFF:GUI.RFF:SOUNDS.RFF:SURFACE.DAT:TILES000.ART:TILES017.ART:VOXEL.DAT",
            "strCoreFile": "BLOOD.RFF"
        },
        {
            "intID": 2,
            "strTitle": "Blood: Cryptic Passage",
            "strLogo": "bloodcryptic.jpg",
            "strInfo": "Cryptic Passage Addon:<br><br>\r\n1. Locate your \"Blood Fresh Supply\/addons\/cryptic passage\/\" folder.<br>\r\n2. Zip all files in \"cryptic passage\" to cryptic.zip (create a new zip).<br>\r\n3. Copy cryptic.zip to \"razexr\/blood\/\".<br>\r\n<br>\r\nNote:<br>\r\nToggle CD music in sound options. Needs restart.<br>\r\nCutscenes from the Nightdive Remaster \"Fresh Supply\" do now work.<br>",
            "strRequiredFiles": "CRYPTIC.ZIP",
            "coreGameRequired": 1,
            "strExtraCommand": "-cryptic",
            "strCoreFile": "CRYPTIC.ZIP"
        },
        {
            "intID": 3,
            "strTitle": "Duke Nukem 3D",
            "strLogo": "dukenukem3d.jpg",
            "strInfo": "Instructions<br>\r\n<br>\r\n1. Locate your \"Duke Nukem 3D\" installation folder on PC.<br>\r\n2. Copy the \"DUKE3D.GRP\" file to \"razexr\/raze\/duke\" on your headset.<br>\r\nAllow to overwrite the pre-installed shareware if asked.<br>\r\n<br>\r\nNote: If you own \"World Tour\", you can copy over the whole \r\ncontents of the folder \"Duke Nukem 3D Twentieth Anniversary World Tour\" to \r\n\"razexr\/raze\/duke\". World Tour features a new extra episode.\r\n<br>\r\nSupported releases:<br>\r\nAtomic Edition, World Tour, Duke Nukem 3D v1.3",
            "strRequiredFiles": "DUKE3D.GRP",
            "strCoreFile": "DUKE3D.GRP"
        },
        {
            "intID": 4,
            "strTitle": "Duke It Out in D.C.",
            "strLogo": "dukedc.jpg",
            "strInfo": "Instructions:<br><br>\r\nCopy \"DUKEDC.GRP\" to \"razexr\/raze\/duke\".<br><br>\r\nNote: This expansion is only available in \"Atomic Edition\".",
            "strRequiredFiles": "DUKEDC.GRP",
            "coreGameRequired": 3,
            "strCoreFile": "DUKEDC.GRP"
        },
        {
            "intID": 5,
            "strTitle": "Duke Caribbean: Lifes a Beach",
            "strLogo": "dukebeach.jpg",
            "strInfo": "Instructions:<br><br>\r\nCopy \"VACATION.GRP\" to \"razexr\/raze\/duke\".<br><br>\r\nNote: This expansion is only available in \"Atomic Edition\".",
            "strRequiredFiles": "VACATION.GRP",
            "coreGameRequired": 3,                   
            "strCoreFile": "VACATION.GRP"
        },
        {
            "intID": 6,
            "strTitle": "Duke: Nuclear Winter",
            "strLogo": "dukewinter.jpg",
            "strInfo": "Instructions:<br><br>\r\nCopy \"NWINTER.GRP\" to \"razexr\/raze\/duke\".<br><br>\r\nNote: This expansion is only available in \"Atomic Edition\".",
            "strRequiredFiles": "NWINTER.GRP",
            "coreGameRequired": 3,
            "strCoreFile": "NWINTER.GRP"            
        },
        {
            "intID": 7,
            "strTitle": "Exhumed-Powerslave",
            "strLogo": "exhumed.jpg",
            "strInfo": "Instructions:<br>\r\n<br>\r\n1. Locate your \"Powerslave\/Exhumed\" installation folder on PC.<br>\r\n2. Copy \"STUFF.DAT\" and \"BOOK.MOV\" to \"razexr\/raze\/exhumed\"<br>\r\n3. Copy the the whole folder \"music\" to \"razexr\/raze\/exhumed\"<br>\r\n<br>\r\nNote: Nightdive's remaster is not compatible. You need Powerslave Classic.<br>",
            "strRequiredFiles": "BOOK.MOV:STUFF.DAT",
            "strCoreFile": "STUFF.DAT"       
        },
        {
            "intID": 8,
            "strTitle": "NAM",
            "strLogo": "nam.jpg",
            "strInfo": "",
            "strRequiredFiles": "GAME.CON:NAM.GRP",
            "strCoreFile": "NAM.GRP"
        },
        {
            "intID": 9,
            "strTitle": "Redneck Rampage",
            "strLogo": "redneckrampage.jpg",
            "strInfo": "Instructions:<br>\r\n<br>\r\n1. Locate your \"Redneck Rampage\" installation folder on PC.<br>\r\n2. Copy \"REDNECK.GRP\" to \"razexr\/raze\/rampage\"<br>\r\n3. Copy the the whole folder \"music\" to \"razexr\/raze\/rampage\"<br>\r\n<br>\r\nNote: While the GoG release has the CD music included, the Steam release hasn't.<br>",
            "strRequiredFiles": "REDNECK.GRP",
            "strCoreFile": "REDNECK.GRP"          
        },
        {
            "intID": 10,
            "strTitle": "Suckin Grits on Route 66",
            "strLogo": "redneck66.jpg",
            "strInfo": "",
            "strRequiredFiles": "GAME66.CON:ASYAMB.VOC:G_BITE.VOC:G_SIT.VOC:NEON.VOC",
            "coreGameRequired": 9,
            "strCoreFile": "GAME66.CON"          
        },
        {
            "intID": 11,
            "strTitle": "Redneck Rampage Rides Again",
            "strInfo": "Instructions:<br>\r\n<br>\r\n1. Locate your \"Rides Again\" installation folder on PC.<br>\r\n2. Copy \"REDNECK.GRP\" to \"razexr\/raze\/ridesagain\"<br>\r\n3. Copy the the whole folder \"music\" to \"razexr\/raze\/ridesagain\"<br>\r\n<br>\r\nNote: You can't have \"Redneck Rampage\" and \"Rides Again\" installed at the\r\nsame time! Please delete Redneck Rampage first.<br>",
            "strLogo": "redneckrides.jpg",
            "strRequiredFiles": "REDNECK.GRP",
            "strCoreFile": "REDNECK.GRP"
        },
        {
            "intID": 12,
            "strTitle": "Shadow Warrior",
            "strLogo": "shadowwarrior.jpg",
            "strInfo": "Instructions:<br>\r\n<br>\r\n1. Locate your \"Shadow Warrior\" installation folder on PC.<br>\r\n2. Copy \"SW.GRP\" to \"razexr\/raze\/shadowwarrior\".<br>\r\n3. Copy the the whole folder \"music\" to \"razexr\/raze\/shadowwarrior\".<br>",
            "strRequiredFiles": "SW.GRP",
            "strCoreFile": "SW.GRP"            
        },
        {
            "intID": 13,
            "strTitle": "Twin Dragon",
            "strLogo": "twindragon.jpg",
            "strInfo": "Instructions:<br>\r\n<br>\r\n1. Locate your \"Shadow Warrior\" installation folder on PC.<br>\r\n2. Copy \"TD.GRP\" to \"razexr\/raze\/shadowwarrior\".<br>\r\nThe GoG release with loose files is not supported.<br>",
            "strRequiredFiles": "TD.GRP",
            "coreGameRequired": 12,
            "strCoreFile": "TD.GRP"                
        },
        {
            "intID": 14,
            "strTitle": "Twin Dragon",
            "strLogo": "twindragon.jpg",
            "strInfo": "Instructions:<br>\r\n<br>\r\n1. Locate your \"Shadow Warrior\" installation folder on PC.<br>\r\n2. Copy \"TWINDRAG.GRP\" to \"razexr\/raze\/shadowwarrior\".<br>\r\nThe GoG release with loose files is not supported.<br>",
            "strRequiredFiles": "TWINDRAG.GRP",
            "coreGameRequired": 12,
            "strCoreFile": "TWINDRAG.GRP"          
        },
        {
            "intID": 15,
            "strTitle": "Wanton Destruction",
            "strLogo": "wanton.jpg",
            "strInfo": "Instructions:<br>\r\n<br>\r\n1. Locate your \"Shadow Warrior\" installation folder on PC.<br>\r\n2. Copy \"WT.GRP\" to \"razexr\/raze\/shadowwarrior\".",
            "strRequiredFiles": "WT.GRP",
            "coreGameRequired": 12,
            "strCoreFile": "WT.GRP"          
        },
        {
            "intID": 16,
            "strTitle": "World War II GI",
            "strLogo": "ww2gi.jpg",
            "strInfo": "Instructions:<br>\r\n<br>\r\n1. Locate your \"WW2GI\" installation folder on PC.<br>\r\n2. Copy \"WW2GI.GRP\" to \"razexr\/raze\/ww2gi\". <br>",
            "strRequiredFiles": "WW2GI.GRP",
            "strCoreFile": "WW2GI.GRP"  
        },
        {
            "intID": 17,
            "strTitle": "Platoon Leader",
            "strLogo": "platoon.jpg",
            "strInfo": "Instructions:<br>\r\n<br>\r\nLocate your \"Platoon Leader\" installation folder on PC.<br>\r\n2. Copy \"PLATOONL.DAT\" to \"razexr\/raze\/ww2gi\".<br>",
            "strRequiredFiles": "PLATOONL.DAT",
            "coreGameRequired": 16,
            "strCoreFile": "PLATOONL.DAT"            
        }        
    ]
}